chr1	2231310	2232756	SKI,SKI,SKI,SKI,SKI,SKI	chr1	2231505	2231506	1_2162944_C_T>0.0152
chr1	2231310	2232756	SKI,SKI,SKI,SKI,SKI,SKI	chr1	2232129	2232130	1_2163568_C_T>0.1461
chr1	2231310	2232756	SKI,SKI,SKI,SKI,SKI,SKI	chr1	2232677	2232678	1_2164116_C_T>0.0993
chr1	2313816	2315794	SKI,SKI,SKI,SKI,SKI,SKI	chr1	2314000	2314001	1_2245439_C_T>0.03
chr1	2313816	2315794	SKI,SKI,SKI,SKI,SKI,SKI	chr1	2314194	2314195	1_2245633_C_T>0.0272
chr1	2313816	2315794	SKI,SKI,SKI,SKI,SKI,SKI	chr1	2314848	2314849	1_2246287_C_G>0.0241
chr1	2313816	2315794	SKI,SKI,SKI,SKI,SKI,SKI	chr1	2315074	2315075	1_2246513_A_G>0.0346
chr1	37931126	37932371	INPP5B,INPP5B	chr1	37931669	37931670	1_38397341_A_G>0.0517
chr1	37931126	37932371	INPP5B,INPP5B	chr1	37931697	37931698	1_38397369_C_T>0.0506
chr1	37945749	37946534	INPP5B,INPP5B,INPP5B,INPP5B	chr1	37945773	37945774	1_38411445_A_G>0.0072
chr1	56417221	56418971	PLPP3,PLPP3,PLPP3,PLPP3	chr1	56417991	56417992	1_56883663_A_G>0.057
chr1	56417221	56418971	PLPP3,PLPP3,PLPP3,PLPP3	chr1	56418157	56418158	1_56883829_G_T>0.0575
chr1	113906665	113907191	DCLRE1B,DCLRE1B	chr1	113907040	113907041	1_114449662_C_T>0.0344
chr1	150611086	150612019	ENSA,GOLPH3L,MCL1,ENSA,MCL1,CTSS,ENSA,MCL1,ENSA,GOLPH3L,MCL1,CTSS,ENSA,MCL1,ENSA,MCL1	chr1	150611194	150611195	1_150583670_C_G>0.0234
chr1	169362934	169363760	BLZF1,NME7,BLZF1,NME7	chr1	169363660	169363661	1_169332898_C_T>0.0144
chr1	175168729	175170443	KIAA0040,KIAA0040,KIAA0040,KIAA0040,KIAA0040,KIAA0040	chr1	175169466	175169467	1_175138602_A_G>0.0295
chr1	175168729	175170443	KIAA0040,KIAA0040,KIAA0040,KIAA0040,KIAA0040,KIAA0040	chr1	175170139	175170140	1_175139275_A_C>0.0356
chr1	175168729	175170443	KIAA0040,KIAA0040,KIAA0040,KIAA0040,KIAA0040,KIAA0040	chr1	175170159	175170160	1_175139295_G_T>0.0259
chr11	75563734	75564455	SERPINH1,SERPINH1	chr11	75564434	75564435	11_75275479_G_T>0.0766
chr13	28401231	28402286	FLT1,FLT1,FLT1,FLT1,FLT1	chr13	28402252	28402253	13_28976389_C_T>0.0296
chr13	28466584	28467434	FLT1,FLT1,FLT1,FLT1,FLT1,FLT1	chr13	28466870	28466871	13_29041007_A_T>0.0373
chr14	74987830	74989179	EIF2B2,MLH3,PGF,RPS6KL1,EIF2B2,MLH3,PGF,EIF2B2,PGF,EIF2B2,MLH3,PGF,EIF2B2,MLH3,PGF,RPS6KL1,EIF2B2,PGF	chr14	74989107	74989108	14_75455810_A_C>0.0014
chr14	75123895	75124764	NEK9,NEK9,NEK9,NEK9,NEK9,NEK9	chr14	75124119	75124120	14_75590822_A_G>0.0015
chr16	75287831	75289906	BCAR1,BCAR1,BCAR1,BCAR1,BCAR1,BCAR1	chr16	75288675	75288676	16_75322573_C_T>0.0022
chr16	81478380	81479694	CMIP,CMIP	chr16	81478661	81478662	16_81512266_C_G>0.0141
chr16	81510872	81511799	CMIP,CMIP,CMIP,CMIP	chr16	81511105	81511106	16_81544710_C_T>0.0074
chr16	81510872	81511799	CMIP,CMIP,CMIP,CMIP	chr16	81511370	81511371	16_81544975_G_T>0.0077
chr16	81517245	81518820	CMIP,CMIP,CMIP,CMIP	chr16	81517296	81517297	16_81550901_C_T>0.0071
chr16	81517245	81518820	CMIP,CMIP,CMIP,CMIP	chr16	81517877	81517878	16_81551482_A_C>0.0064
chr16	86575629	86577278	FOXC2,FOXC2,FOXC2,FOXC2,FOXC2,FOXC2	chr16	86575638	86575639	16_86609244_A_G>0.0032
chr16	86575629	86577278	FOXC2,FOXC2,FOXC2,FOXC2,FOXC2,FOXC2	chr16	86576879	86576880	16_86610485_C_G>0.0043
chr16	86575629	86577278	FOXC2,FOXC2,FOXC2,FOXC2,FOXC2,FOXC2	chr16	86576974	86576975	16_86610580_C_G>0.0046
chr16	86663705	86665750	FOXC2,FOXC2,FOXC2,FOXC2	chr16	86664425	86664426	16_86698031_C_T>0.0129
chr16	86663705	86665750	FOXC2,FOXC2,FOXC2,FOXC2	chr16	86664883	86664884	16_86698489_A_C>0.0408
chr16	86663705	86665750	FOXC2,FOXC2,FOXC2,FOXC2	chr16	86664884	86664885	16_86698490_A_G>0.0393
chr16	86663705	86665750	FOXC2,FOXC2,FOXC2,FOXC2	chr16	86664997	86664998	16_86698603_A_G>0.0252
chr16	86663705	86665750	FOXC2,FOXC2,FOXC2,FOXC2	chr16	86665155	86665156	16_86698761_A_T>0.0195
chr16	86663705	86665750	FOXC2,FOXC2,FOXC2,FOXC2	chr16	86665417	86665418	16_86699023_C_T>0.0028
chr16	86663705	86665750	FOXC2,FOXC2,FOXC2,FOXC2	chr16	86665482	86665483	16_86699088_C_T>0.0183
chr16	86663705	86665750	FOXC2,FOXC2,FOXC2,FOXC2	chr16	86665557	86665558	16_86699163_A_G>0.0195
chr16	86663705	86665750	FOXC2,FOXC2,FOXC2,FOXC2	chr16	86665580	86665581	16_86699186_A_C>0.2714
chr16	86663705	86665750	FOXC2,FOXC2,FOXC2,FOXC2	chr16	86665590	86665591	16_86699196_A_C>0.0079
chr17	17693119	17695548	RAI1,SREBF1,RAI1,SREBF1,RAI1,SREBF1,RAI1,SREBF1,RAI1,SREBF1,RAI1,SREBF1	chr17	17693437	17693438	17_17596751_C_G>0.0027
chr17	17823501	17824630	SREBF1,SREBF1	chr17	17823651	17823652	17_17726965_C_T>0.065
chr17	17823501	17824630	SREBF1,SREBF1	chr17	17824629	17824630	17_17727943_A_T>0.0024
chr17	42131696	42132774	KAT2A,KAT2A	chr17	42132173	42132174	17_40284191_C_T>0.0232
chr17	42131696	42132774	KAT2A,KAT2A	chr17	42132765	42132766	17_40284783_C_T>0.0232
chr17	42135326	42136590	KAT2A,KAT2A,KAT2A,KAT2A,KAT2A,KAT2A	chr17	42136044	42136045	17_40288062_A_G>0.0227
chr17	42135326	42136590	KAT2A,KAT2A,KAT2A,KAT2A,KAT2A,KAT2A	chr17	42136260	42136261	17_40288278_C_T>0.0231
chr17	49259533	49261047	ZNF652,ZNF652,ZNF652,ZNF652,ZNF652,ZNF652	chr17	49260721	49260722	17_47338083_C_G>0.0043
chr17	64327269	64328546	TEX2,TEX2	chr17	64328450	64328451	17_62405810_C_T>0.0089
chr17	75848384	75849315	UNC13D,UNC13D	chr17	75848667	75848668	17_73844748_A_G>0.007
chr17	75876129	75877654	TRIM47,UNC13D,TRIM47,TRIM65,WBP2,TRIM47,TRIM65,UNC13D,WBP2,TRIM47,TRIM65,UNC13D,WBP2,TRIM47,TRIM65,UNC13D,WBP2,TRIM47,TRIM65,UNC13D,WBP2,TRIM47,TRIM65,WBP2	chr17	75876867	75876868	17_73872948_A_G>0.0138
chr19	11085283	11086014	LDLR,LDLR,LDLR,LDLR,LDLR,LDLR	chr19	11085680	11085681	19_11196356_A_AC>0.0313
chr19	11091243	11093028	LDLR,LDLR,SPC24,LDLR,SPC24,LDLR,LDLR,LDLR,SPC24,LDLR,SPC24	chr19	11091312	11091313	19_11201988_G_GT>0.0173
chr19	11091243	11093028	LDLR,LDLR,SPC24,LDLR,SPC24,LDLR,LDLR,LDLR,SPC24,LDLR,SPC24	chr19	11091518	11091519	19_11202194_G_GC>0.0168
chr19	11091243	11093028	LDLR,LDLR,SPC24,LDLR,SPC24,LDLR,LDLR,LDLR,SPC24,LDLR,SPC24	chr19	11091630	11091631	19_11202306_G_T>0.0151
chr19	41308151	41309806	CCDC97,CCDC97,CCDC97,CCDC97	chr19	41308507	41308508	19_41814412_C_T>0.0295
chr19	41322950	41323999	TGFB1,CCDC97,TGFB1,CCDC97,TGFB1,TGFB1,CCDC97,TGFB1,CCDC97,TGFB1	chr19	41323404	41323405	19_41829309_C_G>0.0386
chr19	41322950	41323999	TGFB1,CCDC97,TGFB1,CCDC97,TGFB1,TGFB1,CCDC97,TGFB1,CCDC97,TGFB1	chr19	41323676	41323677	19_41829581_A_T>0.0384
chr19	41322950	41323999	TGFB1,CCDC97,TGFB1,CCDC97,TGFB1,TGFB1,CCDC97,TGFB1,CCDC97,TGFB1	chr19	41323701	41323702	19_41829606_A_G>0.038
chr19	41324765	41325847	CCDC97,TGFB1,CCDC97,TGFB1	chr19	41325291	41325292	19_41831196_A_C>0.0385
chr19	41324765	41325847	CCDC97,TGFB1,CCDC97,TGFB1	chr19	41325602	41325603	19_41831507_A_G>0.036
chr19	41327059	41328600	B9D2,CCDC97,TGFB1,TMEM91,CCDC97,TGFB1,CCDC97,TGFB1,CCDC97,TGFB1,CCDC97,TGFB1,B9D2,CCDC97,TGFB1,TMEM91	chr19	41327643	41327644	19_41833548_C_G>0.0035
chr19	41327059	41328600	B9D2,CCDC97,TGFB1,TMEM91,CCDC97,TGFB1,CCDC97,TGFB1,CCDC97,TGFB1,CCDC97,TGFB1,B9D2,CCDC97,TGFB1,TMEM91	chr19	41327664	41327665	19_41833569_A_G>0.0032
chr19	41327059	41328600	B9D2,CCDC97,TGFB1,TMEM91,CCDC97,TGFB1,CCDC97,TGFB1,CCDC97,TGFB1,CCDC97,TGFB1,B9D2,CCDC97,TGFB1,TMEM91	chr19	41328594	41328595	19_41834499_A_G>0.0031
chr19	41350612	41352205	TGFB1,TGFB1,TGFB1,B9D2,TGFB1,TMEM91,B9D2,CCDC97,TGFB1,TMEM91,B9D2,TGFB1,TMEM91,B9D2,TGFB1,TMEM91,B9D2,CCDC97,TGFB1,TMEM91,B9D2,TGFB1,TMEM91	chr19	41350981	41350982	19_41856886_A_C>0.064
chr19	41350612	41352205	TGFB1,TGFB1,TGFB1,B9D2,TGFB1,TMEM91,B9D2,CCDC97,TGFB1,TMEM91,B9D2,TGFB1,TMEM91,B9D2,TGFB1,TMEM91,B9D2,CCDC97,TGFB1,TMEM91,B9D2,TGFB1,TMEM91	chr19	41351499	41351500	19_41857404_C_T>0.061
chr19	41350612	41352205	TGFB1,TGFB1,TGFB1,B9D2,TGFB1,TMEM91,B9D2,CCDC97,TGFB1,TMEM91,B9D2,TGFB1,TMEM91,B9D2,TGFB1,TMEM91,B9D2,CCDC97,TGFB1,TMEM91,B9D2,TGFB1,TMEM91	chr19	41351534	41351535	19_41857439_A_G>0.0623
chr2	45649453	45650891	PRKCE,PRKCE	chr2	45650522	45650523	2_45877661_G_T>0.0136
chr2	45668506	45669739	PRKCE,PRKCE,PRKCE,PRKCE,PRKCE,PRKCE	chr2	45669298	45669299	2_45896437_A_C>0.3452
chr20	35135804	35136618	EDEM2,TRPC4AP,EDEM2,TRPC4AP,EDEM2,TRPC4AP,EDEM2,TRPC4AP,EDEM2,TRPC4AP,EDEM2,TRPC4AP	chr20	35136418	35136419	20_33724221_C_T>0.007
chr20	35165984	35166821	EDEM2,PROCR,EDEM2,PROCR,EDEM2,PROCR,EDEM2,PROCR,EDEM2,PROCR,EDEM2,PROCR	chr20	35166602	35166603	20_33754405_A_G>0.0018
chr22	19568483	19569360	CLDN5,CLDN5	chr22	19568900	19568901	22_19556423_C_G>0.0186
chr22	20000133	20001962	ARVCF,ARVCF,ARVCF,ARVCF,ARVCF,ARVCF	chr22	20000644	20000645	22_19988167_A_G>0.0122
chr22	24155523	24157599	CABIN1,GGT5,CABIN1,GGT5,CABIN1,GGT5,CABIN1,GGT5	chr22	24157567	24157568	22_24553535_A_G>0.0274
chr22	24207771	24208801	GGT5,GGT5,GGT5,GGT5	chr22	24208332	24208333	22_24604300_C_T>0.0053
chr4	56957608	56959057	NOA1,POLR2B,REST,REST,REST,REST,REST,NOA1,POLR2B,REST	chr4	56958285	56958286	4_57824451_A_G>0.0421
chr4	56957608	56959057	NOA1,POLR2B,REST,REST,REST,REST,REST,NOA1,POLR2B,REST	chr4	56958766	56958767	4_57824932_A_G>0.0529
chr4	119524402	119526245	PDE5A,PDE5A,PDE5A,PDE5A,PDE5A,PDE5A	chr4	119524565	119524566	4_120445720_A_C>0.0063
chr4	119524402	119526245	PDE5A,PDE5A,PDE5A,PDE5A,PDE5A,PDE5A	chr4	119525893	119525894	4_120447048_A_G>0.0066
chr4	145843087	145844097	ZNF827,ZNF827,ZNF827,ZNF827	chr4	145843731	145843732	4_146764883_C_T>0.0774
chr6	57265604	57266410	PRIM2,PRIM2,PRIM2,PRIM2	chr6	57266401	57266402	6_57131199_C_T>0.0527
chr6	96519966	96520720	UFL1,UFL1	chr6	96520649	96520650	6_96968525_C_T>0.0026
chr6	126339538	126340802	CENPW,CENPW,CENPW,CENPW	chr6	126340008	126340009	6_126661154_C_T>0.0106
chr6	126339538	126340802	CENPW,CENPW,CENPW,CENPW	chr6	126340712	126340713	6_126661858_C_T>0.0101
chr6	150682696	150685408	PLEKHG1,PLEKHG1,PLEKHG1,PLEKHG1,PLEKHG1,PLEKHG1,PLEKHG1,PLEKHG1,PLEKHG1,PLEKHG1,PLEKHG1	chr6	150682704	150682705	6_151003840_C_T>0.0087
chr6	150682696	150685408	PLEKHG1,PLEKHG1,PLEKHG1,PLEKHG1,PLEKHG1,PLEKHG1,PLEKHG1,PLEKHG1,PLEKHG1,PLEKHG1,PLEKHG1	chr6	150683634	150683635	6_151004770_C_G>0.0983
chr7	44621017	44621795	OGDH,OGDH	chr7	44621655	44621656	7_44661254_C_T>0.0098
chr7	107560788	107561553	DUS4L,DUS4L	chr7	107560807	107560808	7_107201252_C_G>0.0102
chr7	107560788	107561553	DUS4L,DUS4L	chr7	107561130	107561131	7_107201575_A_G>0.0031
chr7	107596725	107597594	BCAP29,BCAP29,BCAP29,BCAP29	chr7	107597362	107597363	7_107237807_C_T>0.0039
chr7	140049025	140050511	PARP12,TBXAS1,PARP12,PARP12,PARP12,PARP12,TBXAS1,PARP12	chr7	140049546	140049547	7_139749346_A_G>0.0114
chr7	140059233	140060353	PARP12,PARP12,PARP12,PARP12,PARP12,PARP12	chr7	140060202	140060203	7_139760002_C_T>0.0296
chr7	150992691	150993210	NOS3,NOS3	chr7	150993088	150993089	7_150690176_C_T>1.0
chr8	25202864	25204363	DOCK5,DOCK5	chr8	25204291	25204292	8_25061807_A_G>0.0823
