chr1	2231310	2232756	FAAP20	chr1	2231505	2231506	1_2162944_C_T>0.0152
chr1	2231310	2232756	FAAP20	chr1	2232129	2232130	1_2163568_C_T>0.1461
chr1	2231310	2232756	FAAP20	chr1	2232677	2232678	1_2164116_C_T>0.0993
chr1	2245790	2247015	SKI,SKI	chr1	2246288	2246289	1_2177727_C_T>0.021
chr1	2313816	2315792	FAAP20,MORN1,RER1,FAAP20,MORN1,RER1,FAAP20,MORN1,RER1	chr1	2314000	2314001	1_2245439_C_T>0.03
chr1	2313816	2315792	FAAP20,MORN1,RER1,FAAP20,MORN1,RER1,FAAP20,MORN1,RER1	chr1	2314194	2314195	1_2245633_C_T>0.0272
chr1	2313816	2315792	FAAP20,MORN1,RER1,FAAP20,MORN1,RER1,FAAP20,MORN1,RER1	chr1	2314848	2314849	1_2246287_C_G>0.0241
chr1	2313816	2315792	FAAP20,MORN1,RER1,FAAP20,MORN1,RER1,FAAP20,MORN1,RER1	chr1	2315074	2315075	1_2246513_A_G>0.0346
chr1	37995996	37996496	SF3A3	chr1	37996149	37996150	1_38461821_C_T>0.045
chr1	113906691	113907191	AP4B1	chr1	113907040	113907041	1_114449662_C_T>0.0344
chr1	150611086	150612019	ADAMTSL4-AS1,CTSS,FALEC,TARS2,ADAMTSL4-AS1,CTSK,SETDB1,ADAMTSL4-AS1	chr1	150611194	150611195	1_150583670_C_G>0.0234
chr1	175168743	175170443	ASTN1,CACYBP,FAM20B,LOC102724601,MRPS14,RABGAP1L,RFWD2,SLC9C2,TNR,ANKRD45,CACYBP,GAS5-AS1,LOC102724601,MRPS14,RABGAP1L,RASAL2-AS1,RFWD2,SLC9C2,TNR,ANKRD45,CACYBP,MRPS14,RABGAP1L,RASAL2-AS1,SLC9C2,TNN,TNR	chr1	175169466	175169467	1_175138602_A_G>0.0295
chr1	175168743	175170443	ASTN1,CACYBP,FAM20B,LOC102724601,MRPS14,RABGAP1L,RFWD2,SLC9C2,TNR,ANKRD45,CACYBP,GAS5-AS1,LOC102724601,MRPS14,RABGAP1L,RASAL2-AS1,RFWD2,SLC9C2,TNR,ANKRD45,CACYBP,MRPS14,RABGAP1L,RASAL2-AS1,SLC9C2,TNN,TNR	chr1	175170139	175170140	1_175139275_A_C>0.0356
chr1	175168743	175170443	ASTN1,CACYBP,FAM20B,LOC102724601,MRPS14,RABGAP1L,RFWD2,SLC9C2,TNR,ANKRD45,CACYBP,GAS5-AS1,LOC102724601,MRPS14,RABGAP1L,RASAL2-AS1,RFWD2,SLC9C2,TNR,ANKRD45,CACYBP,MRPS14,RABGAP1L,RASAL2-AS1,SLC9C2,TNN,TNR	chr1	175170159	175170160	1_175139295_G_T>0.0259
chr10	30026929	30028808	KIAA1462	chr10	30028144	30028145	10_30317073_A_G>1.0
chr10	122267235	122268683	BTBD16,BTBD16,BTBD16	chr10	122268525	122268526	10_124028040_C_T>0.0297
chr10	122267235	122268683	BTBD16,BTBD16,BTBD16	chr10	122268626	122268627	10_124028141_A_G>0.0288
chr11	75563734	75564455	LOC105369391	chr11	75564434	75564435	11_75275479_G_T>0.0766
chr12	95118078	95119227	FGD6,VEZT,FGD6,VEZT	chr12	95118613	95118614	12_95512389_A_T>0.1581
chr13	110389908	110391772	COL4A1,COL4A2,COL4A1,COL4A2	chr13	110390962	110390963	13_111043309_A_G>0.1096
chr14	74987830	74989425	ACYP1,DLST,YLPM1,ZC2HC1C,ACYP1,DLST,ACYP1,EIF2B2	chr14	74989107	74989108	14_75455810_A_C>0.0014
chr15	67149992	67150843	LINC02206,AAGAB,IQCH,LINC02206,LINC02206	chr15	67150258	67150259	15_67442596_C_T>0.1837
chr16	75288106	75289906	CFDP1,CTRB2,LOC100506281,ZFP1,LOC100506281,LOC100506281	chr16	75288675	75288676	16_75322573_C_T>0.0022
chr16	75351157	75351911	LOC100506281	chr16	75351261	75351262	16_75385159_A_G>0.0044
chr16	75351157	75351911	LOC100506281	chr16	75351837	75351838	16_75385735_A_G>0.0093
chr16	75377618	75378382	BCAR1,LOC100506281,LOC100506281	chr16	75377623	75377624	16_75411521_A_T>0.0068
chr16	75377618	75378382	BCAR1,LOC100506281,LOC100506281	chr16	75377721	75377722	16_75411619_A_G>0.0058
chr16	75377618	75378382	BCAR1,LOC100506281,LOC100506281	chr16	75378364	75378365	16_75412262_C_T>0.0101
chr16	75401673	75403547	LOC100506281,TMEM170A,CFDP1,LDHD,LOC100506281,TMEM170A,BCAR1,CFDP1,CTRB2,LOC100506281	chr16	75401833	75401834	16_75435731_G_T>0.008
chr16	75401673	75403547	LOC100506281,TMEM170A,CFDP1,LDHD,LOC100506281,TMEM170A,BCAR1,CFDP1,CTRB2,LOC100506281	chr16	75402333	75402334	16_75436231_A_T>0.0081
chr16	75401673	75403547	LOC100506281,TMEM170A,CFDP1,LDHD,LOC100506281,TMEM170A,BCAR1,CFDP1,CTRB2,LOC100506281	chr16	75402815	75402816	16_75436713_A_T>0.0067
chr16	75401673	75403547	LOC100506281,TMEM170A,CFDP1,LDHD,LOC100506281,TMEM170A,BCAR1,CFDP1,CTRB2,LOC100506281	chr16	75403288	75403289	16_75437186_A_G>0.0078
chr16	86575629	86577022	FOXC2-AS1,FLJ30679,FOXC2-AS1,MTHFSD,FLJ30679,FOXC2-AS1,MTHFSD	chr16	86575638	86575639	16_86609244_A_G>0.0032
chr16	86575629	86577022	FOXC2-AS1,FLJ30679,FOXC2-AS1,MTHFSD,FLJ30679,FOXC2-AS1,MTHFSD	chr16	86576879	86576880	16_86610485_C_G>0.0043
chr16	86575629	86577022	FOXC2-AS1,FLJ30679,FOXC2-AS1,MTHFSD,FLJ30679,FOXC2-AS1,MTHFSD	chr16	86576974	86576975	16_86610580_C_G>0.0046
chr16	86663659	86665351	FLJ30679,FOXC2,FOXC2-AS1,MTHFSD,FLJ30679,FOXC2-AS1,MTHFSD,C16orf95,FLJ30679,FOXC2-AS1,LOC101928659,MTHFSD	chr16	86664425	86664426	16_86698031_C_T>0.0129
chr16	86663659	86665351	FLJ30679,FOXC2,FOXC2-AS1,MTHFSD,FLJ30679,FOXC2-AS1,MTHFSD,C16orf95,FLJ30679,FOXC2-AS1,LOC101928659,MTHFSD	chr16	86664883	86664884	16_86698489_A_C>0.0408
chr16	86663659	86665351	FLJ30679,FOXC2,FOXC2-AS1,MTHFSD,FLJ30679,FOXC2-AS1,MTHFSD,C16orf95,FLJ30679,FOXC2-AS1,LOC101928659,MTHFSD	chr16	86664884	86664885	16_86698490_A_G>0.0393
chr16	86663659	86665351	FLJ30679,FOXC2,FOXC2-AS1,MTHFSD,FLJ30679,FOXC2-AS1,MTHFSD,C16orf95,FLJ30679,FOXC2-AS1,LOC101928659,MTHFSD	chr16	86664997	86664998	16_86698603_A_G>0.0252
chr16	86663659	86665351	FLJ30679,FOXC2,FOXC2-AS1,MTHFSD,FLJ30679,FOXC2-AS1,MTHFSD,C16orf95,FLJ30679,FOXC2-AS1,LOC101928659,MTHFSD	chr16	86665155	86665156	16_86698761_A_T>0.0195
chr17	2215409	2216279	LOC101927839	chr17	2216181	2216182	17_2119475_A_G>0.0378
chr17	17693156	17695547	ATPAF2,DRC3,GID4,TOM1L2,ATPAF2,DRC3,GID4,TOM1L2,ATPAF2,DRC3,GID4,NT5M,PEMT,TOM1L2	chr17	17693437	17693438	17_17596751_C_G>0.0027
chr17	42131696	42132774	DHX58,GHDC,KCNH4,RAB5C,KAT2A,KCNH4,RAB5C	chr17	42132173	42132174	17_40284191_C_T>0.0232
chr17	42131696	42132774	DHX58,GHDC,KCNH4,RAB5C,KAT2A,KCNH4,RAB5C	chr17	42132765	42132766	17_40284783_C_T>0.0232
chr17	42135326	42136590	KCNH4,RAB5C,KCNH4,RAB5C,KCNH4,RAB5C	chr17	42136044	42136045	17_40288062_A_G>0.0227
chr17	42135326	42136590	KCNH4,RAB5C,KCNH4,RAB5C,KCNH4,RAB5C	chr17	42136260	42136261	17_40288278_C_T>0.0231
chr17	49259533	49261047	ABI3,FAM117A,GNGT2,LOC102724596,PHB,PHOSPHO1,ABI3,CALCOCO2,FAM117A,GNGT2,LOC102724596,LOC105371814,NXPH3,PHB,PHOSPHO1,SNF8,SPOP,UBE2Z,ABI3,CALCOCO2,FAM117A,GNGT2,LOC102724596,LOC105371814,NXPH3,PHB,PHOSPHO1,SNF8,SPOP,UBE2Z	chr17	49260721	49260722	17_47338083_C_G>0.0043
chr17	61409208	61410215	C17orf82,C17orf82	chr17	61409371	61409372	17_59486732_C_T>0.0332
chr17	61409208	61410215	C17orf82,C17orf82	chr17	61409438	61409439	17_59486799_A_G>0.0378
chr17	64326971	64328546	POLG2,CEP95,DDX5,POLG2,CEP95,DDX5,PECAM1,SNHG25	chr17	64327081	64327082	17_62404441_C_T>0.0116
chr17	64326971	64328546	POLG2,CEP95,DDX5,POLG2,CEP95,DDX5,PECAM1,SNHG25	chr17	64327092	64327093	17_62404452_A_G>0.0113
chr17	64326971	64328546	POLG2,CEP95,DDX5,POLG2,CEP95,DDX5,PECAM1,SNHG25	chr17	64328450	64328451	17_62405810_C_T>0.0089
chr17	64331731	64332890	POLG2,PECAM1,TEX2	chr17	64332226	64332227	17_62409586_C_G>0.0222
chr17	75876564	75877654	GALK1,H3F3B,MRPL38,GALK1,H3F3B,MRPL38	chr17	75876867	75876868	17_73872948_A_G>0.0138
chr19	11091243	11092577	LOC105372273,LOC105372273	chr19	11091312	11091313	19_11201988_G_GT>0.0173
chr19	11091243	11092577	LOC105372273,LOC105372273	chr19	11091518	11091519	19_11202194_G_GC>0.0168
chr19	11091243	11092577	LOC105372273,LOC105372273	chr19	11091630	11091631	19_11202306_G_T>0.0151
chr19	41322950	41323984	CCDC97,B9D2,B3GNT8,B9D2,BCKDHA,EXOSC5,HNRNPUL1	chr19	41323404	41323405	19_41829309_C_G>0.0386
chr19	41322950	41323984	CCDC97,B9D2,B3GNT8,B9D2,BCKDHA,EXOSC5,HNRNPUL1	chr19	41323676	41323677	19_41829581_A_T>0.0384
chr19	41322950	41323984	CCDC97,B9D2,B3GNT8,B9D2,BCKDHA,EXOSC5,HNRNPUL1	chr19	41323701	41323702	19_41829606_A_G>0.038
chr19	41324765	41325847	B3GNT8,B9D2,BCKDHA,EXOSC5	chr19	41325291	41325292	19_41831196_A_C>0.0385
chr19	41324765	41325847	B3GNT8,B9D2,BCKDHA,EXOSC5	chr19	41325602	41325603	19_41831507_A_G>0.036
chr19	41327059	41328131	ATP5SL,B3GNT8,BCKDHA,EXOSC5	chr19	41327643	41327644	19_41833548_C_G>0.0035
chr19	41327059	41328131	ATP5SL,B3GNT8,BCKDHA,EXOSC5	chr19	41327664	41327665	19_41833569_A_G>0.0032
chr19	41350635	41352205	B3GNT8,CCDC97,ATP5SL,B3GNT8,BCKDHA,EXOSC5,ATP5SL,B3GNT8,BCKDHA,CCDC97,EXOSC5	chr19	41350981	41350982	19_41856886_A_C>0.064
chr19	41350635	41352205	B3GNT8,CCDC97,ATP5SL,B3GNT8,BCKDHA,EXOSC5,ATP5SL,B3GNT8,BCKDHA,CCDC97,EXOSC5	chr19	41351499	41351500	19_41857404_C_T>0.061
chr19	41350635	41352205	B3GNT8,CCDC97,ATP5SL,B3GNT8,BCKDHA,EXOSC5,ATP5SL,B3GNT8,BCKDHA,CCDC97,EXOSC5	chr19	41351534	41351535	19_41857439_A_G>0.0623
chr2	45649453	45650891	SRBD1	chr2	45650522	45650523	2_45877661_G_T>0.0136
chr20	35166015	35166783	GSS,MYH7B,TRPC4AP	chr20	35166602	35166603	20_33754405_A_G>0.0018
chr22	19568483	19568983	LINC00895	chr22	19568900	19568901	22_19556423_C_G>0.0186
chr22	20000600	20001962	TANGO2,TANGO2,TANGO2	chr22	20000644	20000645	22_19988167_A_G>0.0122
chr22	24207438	24208801	CABIN1,LOC391322,CABIN1,SPECC1L,SPECC1L-ADORA2A	chr22	24208332	24208333	22_24604300_C_T>0.0053
chr3	154316706	154318601	DHX36,DHX36,DHX36	chr3	154318407	154318408	3_154036196_A_G>0.002
chr4	53705087	53706164	LOC100506444	chr4	53705395	53705396	4_54571562_A_G>0.0274
chr4	53734308	53735721	ERVMER34-1,FIP1L1,RASL11B,SCFD2,GSX2,LNX1-AS2,LOC100506444,ERVMER34-1,LOC100506444,RASL11B,RPL21P44,SCFD2	chr4	53734578	53734579	4_54600745_A_C>0.0609
chr4	56957608	56959057	HOPX,NOA1,POLR2B,NOA1,POLR2B	chr4	56958285	56958286	4_57824451_A_G>0.0421
chr4	56957608	56959057	HOPX,NOA1,POLR2B,NOA1,POLR2B	chr4	56958766	56958767	4_57824932_A_G>0.0529
chr4	119517287	119518888	C4orf3,PDE5A,C4orf3,PDE5A	chr4	119517405	119517406	4_120438560_G_GA>0.0065
chr4	119517287	119518888	C4orf3,PDE5A,C4orf3,PDE5A	chr4	119517499	119517500	4_120438654_C_CT>0.0043
chr4	119517287	119518888	C4orf3,PDE5A,C4orf3,PDE5A	chr4	119517606	119517607	4_120438761_C_CT>0.009
chr4	119524402	119526236	C4orf3,GTF2IP12,LOC101929741,LOC101929762,LOC645513,MAD2L1,METTL14,MYOZ2,NDNF,PRDM5,PRSS12,SEC24D,TNIP3,USP53,C4orf3,GTF2IP12,LOC101929741,LOC101929762,LOC645513,MAD2L1,METTL14,MYOZ2,NDNF,PRDM5,PRSS12,SYNPO2,USP53,C4orf3,GTF2IP12,LOC101929741,LOC101929762,LOC645513,MAD2L1,METTL14,MYOZ2,NDNF,PRDM5,PRSS12,SEC24D,TNIP3,USP53	chr4	119524565	119524566	4_120445720_A_C>0.0063
chr4	119524402	119526236	C4orf3,GTF2IP12,LOC101929741,LOC101929762,LOC645513,MAD2L1,METTL14,MYOZ2,NDNF,PRDM5,PRSS12,SEC24D,TNIP3,USP53,C4orf3,GTF2IP12,LOC101929741,LOC101929762,LOC645513,MAD2L1,METTL14,MYOZ2,NDNF,PRDM5,PRSS12,SYNPO2,USP53,C4orf3,GTF2IP12,LOC101929741,LOC101929762,LOC645513,MAD2L1,METTL14,MYOZ2,NDNF,PRDM5,PRSS12,SEC24D,TNIP3,USP53	chr4	119525893	119525894	4_120447048_A_G>0.0066
chr4	145843049	145844106	C4orf51,MMAA,LSM6,C4orf51,LSM6	chr4	145843731	145843732	4_146764883_C_T>0.0774
chr6	34792649	34793618	UHRF1BP1	chr6	34792959	34792960	6_34760736_C_T>0.0008
chr6	34792649	34793618	UHRF1BP1	chr6	34793179	34793180	6_34760956_C_G>0.0008
chr6	150682696	150685067	MTHFD1L,PCMT1,PPIL4,RAET1E-AS1,RAET1G,RAET1K,ULBP2,ULBP3	chr6	150682704	150682705	6_151003840_C_T>0.0087
chr6	150682696	150685067	MTHFD1L,PCMT1,PPIL4,RAET1E-AS1,RAET1G,RAET1K,ULBP2,ULBP3	chr6	150683634	150683635	6_151004770_C_G>0.0983
chr7	6392676	6394172	RAC1,RAC1	chr7	6393119	6393120	7_6432750_C_T>0.0248
chr7	12211844	12212344	TMEM106B	chr7	12211934	12211935	7_12251560_C_G>0.0365
chr7	12211844	12212344	TMEM106B	chr7	12212045	12212046	7_12251671_A_T>0.0306
chr7	12211844	12212344	TMEM106B	chr7	12212164	12212165	7_12251790_C_G>0.0504
chr7	35250875	35251885	TBX20	chr7	35251702	35251703	7_35291313_C_T>0.0147
chr7	35250875	35251885	TBX20	chr7	35251880	35251881	7_35291491_A_G>0.0144
chr7	107560783	107561546	BCAP29,COG5,DUS4L,COG5	chr7	107560807	107560808	7_107201252_C_G>0.0102
chr7	107560783	107561546	BCAP29,COG5,DUS4L,COG5	chr7	107561130	107561131	7_107201575_A_G>0.0031
chr7	107596739	107597594	COG5,DUS4L,COG5,DUS4L	chr7	107597362	107597363	7_107237807_C_T>0.0039
chr7	140049025	140050508	JHDM1D-AS1,KDM7A,RAB19,SLC37A3	chr7	140049546	140049547	7_139749346_A_G>0.0114
chr9	13707223	13708437	LURAP1L-AS1,NFIB,ZDHHC21,LURAP1L-AS1,NFIB	chr9	13708427	13708428	9_13708426_A_T>0.0061
